"","Group.1","X","young129_old126","young129_old127","young129_old128","young130_old126","young130_old127","young130_old128","young131_old126","young131_old127","young131_old128","std","agg23_meandNASF_1","agg35_meandNASF_1","agg23_meandNASF_2","agg35_meandNASF_2","agg23_meandNASF_3","agg35_meandNASF_3","nonzero_aggdif_minus1by2_23C","nonzero_aggdif_minus1by2_35C","nonzero_aggdif_minus1by3_23C","nonzero_aggdif_minus1by3_35C","nonzero_aggdif_minus2by3_23C","nonzero_aggdif_minus2by3_35C","avg2121","avg3535","avg2135","p_Value","avg_ratio_2135vs21","avg_ratio_2135vs35","threshold","GENENAME","threshold2"
"19","NP_009390",19,112.024355893749,109.096056069574,103.888351434961,112.424810860798,109.480011952283,104.266751348594,117.377073981172,114.432275072657,109.213681308222,4.4078448436621,6968.52828137817,10575.8441157284,7045.84362063198,9774.1719656599,7606.56140830711,8443.87189834467,3.91878522205828,3.12208128549644,9.22158782795953,9.56630340913565,6.84721504495248,7.28983738586276,6.6625293649901,6.65940736016495,110.244818658001,4.07203105550286e-12,16.5469917832272,16.5547491984738,TRUE,"CYS3","TRUE"
"21","NP_009396",21,63.3966416023353,63.9888779384723,64.5726525765675,62.5303095193302,63.1899959012063,63.5914265703194,67.2624787383514,67.8999600668522,68.3280138800599,2.22859795166405,34004.3185333731,34827.0821317866,34756.2110992668,35066.2718445888,35144.6326697877,35135.4755968335,4.06299955646215,2.94609326042294,8.39625179321049,4.99677539683252,6.55344562773637,4.23910012381062,6.33756565913634,4.06065626035536,64.973372977055,2.48540540854036e-12,10.2521025377289,16.0007074746506,TRUE,"SSA1","TRUE"
"26","NP_009409",26,80.7064819780264,83.4693936469058,80.8338330240081,83.2369478079985,85.8490001648782,82.6595689669166,83.1175489393392,85.8617726084564,83.244899985321,1.81279665238246,2332.70468314052,1017.94673307843,2449.46763507516,975.633284739216,2569.58971138562,1016.98121850654,3.37387550826018,3.6949585387164,2.99382606592836,9.22114260317326,1.88036980248733,11.1196190719308,2.74935712555862,8.01190673794016,83.2199385690945,5.83868600353763e-15,30.2688718738878,10.3870328613548,TRUE,"ADE1","TRUE"
"34","NP_009460",34,48.4646577580901,46.9299738638501,52.9678282548025,49.3774542248195,47.8427703305794,53.8806247215319,55.0525212886391,53.5178373943991,59.5556917853516,4.11596000784914,6227.42070076923,2384.73919061538,6746.01632384615,2256.16600023077,7449.13107,2412.13573,0.912796466729354,1.53468389424003,6.58786353054904,4.50317049671244,5.67506706381969,6.03785439095246,4.39190902036603,4.02523626063498,51.9543732913404,5.46014548132049e-09,11.8295650138514,12.9071612017985,TRUE,"RPL32","TRUE"
"38","NP_009485",38,128.906471724386,124.975583404032,126.334788490919,133.061691955251,129.130803634897,130.490008721785,134.940950513202,131.010062192848,132.369267279736,3.18444026195959,927.248131190184,2795.50039965031,955.909688631902,2746.73233290552,941.066708104294,2776.5708399546,5.52192581604757,4.81579073974033,7.95308761057036,3.88697855477998,3.34122571918008,2.48841928272439,5.60541304859934,3.7303961924149,130.135514213006,3.06004989413626e-14,23.2160436857591,34.8851723786374,TRUE,"PRS4","TRUE"
"46","NP_009514",46,66.4772826842881,66.2631912156987,61.2730669912136,70.7383226252273,70.5242311566378,65.3147364038291,73.0272670591455,73.1788916352509,69.1427008358841,3.92656209494844,2995.79773129706,2113.77150683592,3098.64835180207,2095.47120862349,3057.09943253368,2062.19724101036,5.87104206564331,3.11520432901201,8.8766742037398,7.17376721029284,4.54958855828266,7.51304082089286,6.43243494255526,5.93400412006591,68.4377434007972,1.9844615573735e-10,10.6394769650963,11.5331472671841,TRUE,"URA7","TRUE"
"49","NP_009523",49,40.559234722738,44.2154943891103,43.485324602238,41.9365757750548,45.5928354414271,44.8626656545549,43.6933846111494,47.3496442775218,46.6194744906495,2.15840583048352,1051.70840964465,1743.26207783113,1085.05911905031,1943.58587516981,1050.3075292673,1912.69453318239,2.87156689299176,3.76620314794202,3.13876144939077,3.21042521840328,3.88866799983858,1.58544047251224,3.29966544740704,2.85402294628585,44.2571815516049,2.37652760772595e-11,13.4126269032466,15.5069466449806,TRUE,"PET9","TRUE"
"57","NP_009542",57,75.5294223947565,77.779682586248,74.7998788140669,80.842699248785,83.0929594402765,80.1131556680954,83.6953105569659,85.9455707484574,82.9657669762762,3.83283783519257,528.069615367589,174.523927222661,575.77645570224,184.749913051383,695.283657865613,192.258976893281,5.3132768540285,6.97627964141667,8.16588816220936,9.08237177952328,2.85261130818087,4.35635232959815,5.44392544147291,6.80500125017937,80.5293829371031,2.82778311836944e-11,14.792521279519,11.8338527762916,TRUE,"SCT1","TRUE"
"60","NP_009551",60,57.2318255532873,53.0935229281877,59.6985478996443,60.2512430232744,56.1129403981748,62.7179653696314,60.6866541448063,56.5483515197066,63.1533764911632,3.31811181103204,34.8403486081027,13.1835699943843,37.4048666586442,13.2320757970317,41.8896959085439,14.8984214737264,3.01941746998714,4.13830262509961,3.45482859151898,2.46672234635697,0.435411121531843,6.60502497145659,2.30321906101265,4.40334998097106,58.8327141475418,8.58290847417586e-11,25.5436901957884,13.3608989523398,TRUE,"UTP20","TRUE"
"66","NP_009571",66,58.6987405848849,64.821275370919,64.5379591950028,54.7460335063865,60.8685682924206,60.5852521165044,55.7207133532628,61.8432481392969,61.5599319633807,3.48397607775731,219.274216214405,147.672582730318,213.841987169179,154.292732479062,216.269301222781,146.418751842546,3.95270707849839,6.12253478603415,5.75205528524884,5.83921861011789,5.69633539650599,0.561921533261826,5.13369925341774,4.17455830980462,60.3757469468954,1.45030457981962e-10,11.7606708080339,14.4627868306674,TRUE,"MNN2","TRUE"
"72","NP_009590",72,61.0528557279914,61.5021656862549,62.6322031060614,60.3875887200204,60.8368986782839,61.9669360980904,64.3862908403558,64.8356007986193,65.9656382184258,1.98485486361051,1641.44770913793,786.028319405172,1884.7207116954,779.313400614943,1954.03023043103,743.347356732759,5.65623667062138,6.7594133325323,4.80264645247198,1.82602632311017,3.99870212033532,7.8782914272974,4.81919508114289,5.48791036097996,62.6184642082337,3.86971734161388e-13,12.9935524820845,11.4102563798167,TRUE,"HMT1","TRUE"
"74","NP_009595",74,78.944731798995,81.4689800191737,74.7072957175453,79.0070365657712,81.5312847859499,74.7696004843215,87.5043451668668,90.0285933870455,83.2669090854171,5.19041405585819,1221.55288028939,819.464490639871,1202.39460401929,739.16195366881,1488.90461858521,824.206461237942,1.76214770626238,7.42819787837405,8.98684155007077,9.80239942628685,8.49730860109563,6.76168430162842,6.41543261914293,7.99742720209644,81.2476418901207,6.66517559517814e-10,12.6644057717459,10.1592224395394,TRUE,"ATP3","TRUE"
"78","NP_009608",78,90.5202044626137,89.2006985732069,89.4558697547257,90.3783711048144,89.0588652154076,89.3140363969264,87.9964895803396,86.6769836909328,86.9321548724516,1.36938077244348,552.064781538095,848.501903047619,597.407507447619,917.504402380952,594.122431,952.914857238095,1.85579837505308,2.8780069741116,4.16262100557722,2.62800351960838,2.66768967285738,4.15454114523103,2.89536968449589,3.22018387965034,88.8370748501576,3.39472949278334e-16,30.6824635644498,27.587578278233,TRUE,"RFS1","TRUE"
"79","NP_009610",79,75.2829546172694,75.6476057980775,79.1436705550652,71.6992029290597,71.099238414475,75.6556314019508,71.7920141325588,70.498177361496,75.7484426054498,2.90315402264175,449.081222005814,2104.72528203488,509.245800988372,1998.07009284884,518.288487598837,2258.98931125,5.27824152306845,2.60623695466928,7.70634234229262,4.57987117989661,2.52091202272324,6.95149393297624,5.16849862936144,4.71253402251405,74.0629930906002,5.92604961882038e-12,14.3296919283019,15.7161715409938,TRUE,"YRO2","TRUE"
"114","NP_009703",114,77.4520364910605,78.0800168971844,79.4745554334002,77.7875042568641,77.9234182945993,79.8100231992038,81.0663383723427,79.3153754921303,83.0888573146824,1.83174417193054,3.93732697866382,3.89767806557265,4.10260167117379,3.7184444035812,5.02329361712821,3.68275012984046,1.20386882150832,4.84579186669116,4.50489986136471,4.91758516492321,4.32558235792989,8.42521211775542,3.34478368026764,6.06286304978993,79.3331250834964,2.86994120271678e-14,23.7184621389771,13.0850927081794,TRUE,"ADH5","TRUE"
"127","NP_009746",127,64.5188744783437,64.3787885251001,63.118921381304,62.958383874547,62.8182979213033,61.5584307775073,60.9997539706164,60.8596680173727,59.5998008735767,1.66667067612501,2065.44868171429,210.964538678571,1965.09552813214,191.424241360714,1819.92751212857,192.456470246429,1.56049060379673,0.258533299941593,3.51912050772734,8.4640867113642,1.9586299039306,8.58253405806215,2.34608033848489,5.76838468978931,62.3123244244079,6.0120344110368e-14,26.5601835547752,10.8023871110239,TRUE,"GDT1","TRUE"
"133","NP_009758",133,72.3929502740617,76.8980612918347,66.4333087569905,76.3823884707444,80.8874994885174,70.4227469536732,81.214541900389,85.719652918162,75.2549003833178,5.9414876149039,71.9250702327586,62.6746170905172,76.4179477112069,64.6662434267241,94.2669169418103,61.6235773706897,3.98943819668267,4.50511101777297,8.82159162632729,5.95964151707124,4.83215342964462,10.4647525348442,5.8810610842182,6.97650168989614,76.1784500486323,2.9043774392289e-09,12.9531812300091,10.9192907039583,TRUE,"KTR4","TRUE"
"138","NP_009780",138,84.0670156941818,88.2704293588581,84.8512177152,85.3906829996729,89.5940966643492,86.1748850206911,91.1950019312359,95.3984155959121,92.1179553179942,3.82744514577524,2819.51482355191,2338.07360234973,2901.7071541694,2308.4692289224,3043.32689482514,2249.18011540984,4.03196165337414,5.59811115768926,9.53788974795304,7.33855327227741,8.74027065556782,5.79808153286657,7.43670735229834,6.24491532094441,88.5621889220106,1.48129700722918e-11,11.9087903727501,14.1814875575635,TRUE,"PDB1","TRUE"
"159","NP_009880",159,41.254331956013,40.2823493945875,39.1039810720282,41.3702187785574,40.3982362171319,39.2198678945726,42.2047859928176,41.2328034313922,40.0544351088328,1.03504867001609,8481.78423703738,4863.6926563676,8919.40251633022,4574.06753377259,8867.08813745171,4532.43394084424,1.51692834267397,2.74123608270878,4.86442088618078,4.2304287722636,5.32455136394376,3.84621795744996,3.90196686426617,3.60596093747412,40.5690010939926,1.42865147924688e-12,10.3970644818949,11.2505381498697,TRUE,"APA1","TRUE"
"183","NP_009958",183,100,100,100,100,100,100,100,100,100,0,0,9.54837130518519,0,15.0730804592593,0,9.33931395259259,0,0,0,0,0,0,0,0,100,9.10165555890519e-155,Inf,Inf,TRUE,"RIM1","TRUE"
"240","NP_010146",240,17.823630108801,17.0351457890732,17.9362548630343,18.1956276844066,17.4071433646788,18.3082524386399,17.8258734416387,17.0373891219109,17.938498195872,0.463882373256043,944.676903693069,1545.67029133663,1042.05703230693,1668.05532767327,1067.43402755446,1578.75601410891,0.371997575605553,0.788484319727807,0.00224333283768896,0.112624754233313,0.369754242767864,0.90110907396112,0.247998383737035,0.600739382640747,17.7230905564506,3.10205956155617e-14,71.464540572342,29.50212865776,TRUE,"RDI1","TRUE"
"245","NP_010155",245,100,100,100,100,100,100,100,100,100,0,11.3065706836983,0,14.5489512214112,0,18.0814038880779,0,0,0,0,0,0,0,0,0,100,9.10165555890519e-155,Inf,Inf,TRUE,"VCX1","TRUE"
"251","NP_010163",251,37.7108768433653,42.629065147658,38.8221118617814,37.3410892618329,42.2592775661256,38.4523242802491,39.7062741293156,44.6244624336083,40.8175091477318,2.49070184448794,2943.9859037931,824.179640712644,3087.87117609195,743.378647310345,3425.89903798851,738.20868262069,0.369787581532357,4.9181883042927,2.24848308435572,1.11123501841616,2.3913997108859,4.82105464798362,1.66989012559133,3.61682599023083,40.2625545190742,2.09735542230569e-10,24.1109004131735,11.1320131595561,TRUE,"YFH1","TRUE"
"260","NP_010188",260,45.6712902169691,50.0975911358363,49.7670549356891,49.7880009681724,54.2143018870397,53.8837656868925,47.3964074844421,51.8455058618341,51.4921722031621,2.78797344756139,1785.01384816279,1167.17126682987,1929.21946804284,1109.98076770502,1996.52644892166,1204.81678985802,5.16868099953122,4.84022956136737,2.52375549433073,5.69765874576148,3.94042787928311,3.75550271710931,3.87762145771502,4.76446367474605,50.4617878200042,1.01993003668182e-10,13.0135930931587,10.5912839859554,TRUE,"PMT1","TRUE"
"267","NP_010211",267,55.7710228742893,56.9354495538851,56.8733728006171,56.2581753313551,57.4226020109509,57.3605252576829,57.0084682514202,58.172894931016,58.110818177748,0.783138431188366,4348.02651250739,5453.28761312808,4543.73313679803,5449.1313807734,4456.24807670443,5451.62908881773,0.530311049615485,1.4267317706664,2.05777511671863,1.10234992632776,1.71096293475438,0.81861642856835,1.4330163670295,1.1158993751875,57.1014810209961,1.35019744609522e-16,39.8470543217603,51.1708154791299,TRUE,"YET3","TRUE"
"273","NP_010225",273,146.692523253173,141.356785652976,139.398330738066,145.049721252552,139.713983652354,137.755528737444,135.505966329828,130.170228729631,128.211773814721,6.16879240691422,126.467879332402,267.345863843575,128.834087318436,276.517223234637,131.653990050279,272.593460709497,3.47223345448593,6.85692676884096,13.9153121145634,9.74054773881639,15.7447435684276,5.16784353580711,11.044096379159,7.25510601448816,138.206093573416,3.40634106635735e-11,12.5140245818772,19.0494933220031,TRUE,"USO1","TRUE"
"292","NP_010290",292,100,100,100,100,100,100,100,100,100,0,3.70941772053571,0,4.86294577678571,0,8.21957583928571,0,0,0,0,0,0,0,0,0,100,9.10165555890519e-155,Inf,Inf,TRUE,"TRP1","TRUE"
"293","NP_010294",293,57.7180444204836,56.8071680000247,50.6026915513561,61.480078410531,60.5692019900722,54.3647255414035,58.2033434509826,57.2924670305237,51.0879905818551,3.79273775118377,116.729679968688,190.527065253831,121.554750612925,199.550379046636,131.563662522985,176.768946093937,6.12479665592905,0.985503694374988,2.05843276114453,7.14680024104142,6.75300288649594,6.20447644866866,4.97874410118984,4.77892679469502,56.4584123308036,1.02032411675228e-09,11.3398903786421,11.8140358193971,TRUE,"SNQ2","TRUE"
"302","NP_010322",302,85.8840303925672,82.9448288623873,88.8446986963824,85.5897311283917,82.6505295982119,88.550399432207,88.6305304776776,85.6881758308695,91.5880456648646,2.93821590402439,27017.0492878342,6970.68795821489,28583.1204690958,6947.61807314518,30192.0570956819,6862.93476832826,2.81748159479217,5.32229458113063,8.10463458767304,4.9701534027138,6.42245829888529,7.10170508611558,5.78152482711684,5.79805102332,86.7078855648399,1.41435458350817e-12,14.9974078046258,14.9546606637467,TRUE,"KRS1","TRUE"
"314","NP_010349",314,122.874462016363,120.886507874977,123.191556637123,128.112221396758,126.124267255372,128.429316017518,130.351810724164,128.363856582778,130.668905344924,3.49511065352453,11312.850773894,4920.28350038411,12439.0450003576,4841.62843464901,13524.898774755,4586.10439777483,5.47973014908859,3.77723946145808,9.39239103303373,4.44974574021936,6.44135570217373,4.69687819877664,7.10449229476535,4.30795446681803,126.555878205553,9.52950527623163e-14,17.813500663348,29.3772553030326,TRUE,"RPS13","TRUE"
"318","NP_010359",318,47.6246904735611,48.6338749352274,44.1801346980256,45.8573859036081,46.8665703652744,42.4128301280726,51.1275612049443,52.1367456666106,47.6830054294088,3.07992362688361,131.045352075893,152.141808950893,155.853128616071,144.006245323661,145.994357053571,144.913171495536,1.76730456995301,1.00918446166633,3.50287073138321,3.44455577553553,5.27017530133622,4.45374023720186,3.51345020089082,2.96916015813457,47.3914220894148,5.49604230406718e-10,13.4885708860763,15.9612212091615,TRUE,"TPS2","TRUE"
"328","NP_010384",328,85.9074666066579,86.2142651114082,86.7466252952153,90.161910290651,90.4687087954013,91.0010689792084,93.6903625113066,93.9971610160569,94.529521199864,3.3949494618609,16879.274045978,9803.27257109084,16834.1844531612,10023.9637164571,18827.6160185971,9815.44888502857,5.49887166844087,4.54071387788024,9.46601903084618,5.82265284179853,5.93750714565244,4.16916917185932,6.96746594831316,4.8441786305127,90.3018988673077,2.78553089190974e-12,12.9605081011081,18.641323071472,TRUE,"BMH2","TRUE"
"340","NP_010439",340,87.4042626393587,87.7912325061446,87.8218501083193,85.4276055749205,85.8145754417063,85.4366740140918,90.2814067388477,90.6683766056336,90.1903340750954,2.10256717751754,9612.22618090123,7933.2301104716,10295.5256899815,7972.58430806173,10333.6793482593,8039.33578120988,7.27892736710774,4.27817359734673,5.59676191807566,5.9013044434057,10.3920607136874,5.30837970149043,7.75591666629027,5.16261924741429,87.8707019671242,9.0470462150783e-14,11.329505685516,17.0205660646259,TRUE,"CPR1","TRUE"
"357","NP_010503",357,100,100,100,100,100,100,100,100,100,0,1.90158230099312,0,2.43690906340718,0,2.92549211000764,0,0,0,0,0,0,0,0,0,100,9.10165555890519e-155,Inf,Inf,TRUE,"RAD9","TRUE"
"361","NP_010519",361,85.124799344568,85.6404563239038,86.3080816763235,84.8615544071985,85.3772113865343,86.044836738954,83.2482471159318,83.7639040952676,84.4315294476873,1.01890194499277,13047.7853250915,8988.99371944407,13367.1429108983,8891.08643406102,12484.2837402136,9014.74343964068,5.30675470527964,4.73452970737587,11.421855112996,4.73061002832595,6.80444950199968,4.37909438146101,7.84435310675845,4.61474470572094,84.9778467262632,1.08944270760879e-14,10.8329961144978,18.4144198964929,TRUE,"RTN1","TRUE"
"362","NP_010520",362,73.4539079760967,76.2075524445947,76.7466561976882,73.7355473145056,76.4891917830035,77.028295536097,74.0757717747479,76.8294162432458,77.3685199963394,1.55310855828891,371.846192741703,216.783070779221,397.120411847042,211.475631994228,419.664673564214,213.611215686869,2.40639137103107,2.75364446849793,4.31954248739681,3.79091750812657,3.4752485303495,1.35013459547681,3.40039412959246,2.63156552403377,75.7705399184799,4.53006476541654e-15,22.2828698764872,28.7929520380461,TRUE,"LYS4","TRUE"
"369","NP_010550",369,80.9955859398619,73.4387059954509,79.6418988645254,75.6665934238169,68.152127781398,73.3438421939817,77.7965285408335,70.2820628984146,75.4737773109984,4.18795286762551,393.928394109948,165.758344764398,394.231911649215,175.957432421466,410.133936793194,165.472898612565,8.28951696289639,7.55687994441103,9.12027383408602,6.20425688549058,4.94268869908712,8.59195772952484,7.45082649868985,7.45103151980882,74.976791438809,1.54300434711218e-10,10.0628824804863,10.0626055921896,TRUE,"AKR1","TRUE"
"371","NP_010562",371,100,100,100,100,100,100,100,100,100,0,385.162178909091,0,382.570197454545,0,598.660456363636,0,0,0,0,0,0,0,0,0,100,9.10165555890519e-155,Inf,Inf,TRUE,"PMP3","TRUE"
"380","NP_010584",380,62.1140771716179,59.3617570445685,58.3040178537079,62.0667525529862,59.3144324259368,58.2566932350762,64.5413643724349,61.7890442453856,60.731305054525,2.09846064757509,907.275713113208,1252.44072778302,1009.31848273585,1221.29220924528,989.781250754717,1383.5568254717,1.67060416601746,2.75232012704933,5.44196413561169,3.81005931790992,7.11256830162914,1.7039399531476,4.7417122010861,2.75543979936895,60.7199382173599,4.6111104804617e-12,12.8054879002256,22.0363871608685,TRUE,"ATP5","TRUE"
"383","NP_010590",383,24.0851921413687,25.6178001840261,24.3327096827201,25.1421118138639,26.6747198565213,25.3896293552152,27.1517184611592,28.6843265038167,27.3992360025106,1.52564706285444,20445.239052,12344.0772491378,21109.4124821333,12458.8891049956,21693.9670844444,12103.5671904667,1.27565885452591,1.5667194568502,3.06652631979053,1.14097035317571,2.00960664729539,1.56597660716911,2.11726394053728,1.42455547239834,26.0530493334669,2.18745143426949e-10,12.305055045171,18.2885467349367,TRUE,"CPR5","TRUE"
"397","NP_010633",397,84.2567861330355,84.911130735755,79.8269469214656,86.3988087396508,87.0531533423703,81.9689695280809,93.0860737362134,93.7404183389328,88.6562345246435,4.65248133953919,2581.85390889397,1852.63326866944,2587.61177756341,1921.91264295634,2843.44401891476,1748.05645948441,4.70972186280865,1.89481942457676,9.54772860744878,4.83103763516602,9.19589738504009,5.59293890192857,7.8177826184325,4.10626532055712,86.6553913333497,1.008843600893e-10,11.0843950980469,21.1032129121147,TRUE,"SVF1","TRUE"
"418","NP_010685",418,36.8163982538529,35.4063850017231,39.7596462304424,39.8965368807534,38.4865236286236,42.8397848573429,37.0571120872056,35.6470988350758,40.0003600637951,2.42922980636498,6236.77687773973,3372.71150013699,6526.59146458904,3265.82536732877,6665.91510917808,3310.35964609589,3.0801386269005,2.02340182459262,0.536088382323822,2.94324797658953,2.83942479354782,4.35326122871929,2.15188393425738,3.10663700996715,38.4344273154239,3.49574319500046e-10,17.860827298145,12.3717148775712,TRUE,"NCB2","TRUE"
"431","NP_010735",431,75.5647004938628,77.1546233746947,72.1372076328829,76.5863684616636,78.1762913424955,73.1588756006837,76.0875280804493,77.6774509612812,72.6600352194694,2.26428848241831,15818.9699921912,8326.82163208823,16638.7351196985,8117.32769741177,15929.3633112353,8458.40084408088,1.5108037224556,2.48677379268617,2.71587767072528,5.00595450711967,1.81374618739833,6.37846153381234,2.01347586019307,4.62372994453939,75.4670090186092,1.17273987201646e-13,37.4809604180567,16.3216731781093,TRUE,"RPS17B","TRUE"
"444","NP_010784",444,127.746048054057,129.80474500555,130.741220036844,127.349472087232,129.408169038725,130.344644070019,143.223827936526,145.282524888019,146.218999919314,7.95141803427594,122.955069192073,119.839428958841,138.797778628049,116.370133943598,172.681380304878,111.208342440549,0.396575966824717,2.05869695149287,15.4777798824696,2.99517198278735,15.8743558492944,0.936475031294483,10.5829038995296,1.99678132185824,134.457739004032,5.82496510513587e-10,12.7051837832534,67.3372379499741,TRUE,"PUF6","TRUE"
"448","NP_010796",448,59.461268956095,53.9918643742007,62.1177626075519,62.3079702164335,56.8385656345392,64.9644638678904,67.9178026830652,62.4483981011709,70.574296334522,5.17310905239934,757.37550693816,363.967246027149,802.183345218703,347.774996485671,872.813448143288,339.910675279035,2.84670126033851,5.46940458189432,8.45653372697015,3.43473861965744,5.60983246663165,8.12589823335117,5.63768915131344,5.67668047830098,62.2913769750521,6.95854951945237e-09,11.0490974764971,10.9732047123596,TRUE,"GNP1","TRUE"
"483","NP_010915",483,43.5743898094025,43.0163542451013,41.5493730336358,42.6367136623746,42.0786780980734,40.6116968866079,40.896438905621,40.3384033413199,38.8714221298544,1.48506499591418,1813.80547297778,788.069331066667,1846.8762092,745.075360266667,1863.05731382222,724.117133333333,0.937676147027922,0.558035564301155,2.88872495805326,5.87683945621967,2.18428938135891,5.49713274281989,2.00356349548003,3.97733592111357,41.5081633457768,1.29846430050433e-12,20.7171689040141,10.4361723950527,TRUE,"IRC22","TRUE"
"496","NP_010938",496,79.3794263488185,75.4738324729595,82.5702496393767,81.9902670421167,78.0846731662576,85.1810903326748,79.4618140249279,75.5562201490688,82.6526373154861,3.33561285428977,625.1949183174,181.098482795411,662.306600898662,188.558174107075,713.411756845124,168.24277307457,2.61084069329813,3.90559387585908,3.02145925389448,4.84975512646496,3.81445259537437,7.16176477670495,3.14891751418899,5.30570459300966,80.0389122768541,3.33808985908207e-12,25.417913272164,15.0854445199053,TRUE,"RPN3","TRUE"
"501","NP_010947",501,26.3822385517305,28.7038767997693,26.0653811421034,27.0277074867882,29.349345734827,26.7108500771611,27.5290823254531,29.8507205734919,27.212224915826,1.34328513468895,540.620016588235,355.283607888889,520.65454696732,380.382121862745,601.374892893464,356.680010228758,0.645468935057674,2.32163824803875,1.14684377372258,0.316857409627097,0.501374838664905,2.63849565766585,0.764562515815053,1.75899710511057,27.6479364007945,1.40888474378954e-11,36.1617733395166,15.7180113147808,TRUE,"CHZ1","TRUE"
"511","NP_010976",511,100,100,100,100,100,100,100,100,100,0,37.8241197748593,0,47.2891267917448,0,65.254747054409,0,0,0,0,0,0,0,0,0,100,9.10165555890519e-155,Inf,Inf,TRUE,"FCY2","TRUE"
"526","NP_011009",526,104.931528317774,108.516715463381,111.877614609441,105.388711695014,108.678604031448,111.51416506354,113.72690568953,116.906720529334,119.838017989061,5.00886892491283,1095.6022133316,504.124505270833,1147.04995488542,506.724522994792,1200.4741698941,509.117846102431,3.19221675184816,6.21265221513701,12.750887355052,7.03219761911295,9.83771158314364,4.51061297872325,8.59360523001461,5.9184876043244,111.264331487614,2.97490904235362e-11,12.94734031987,18.7994533276233,TRUE,"ILV1","TRUE"
"545","NP_011057",545,19.4862712398177,19.9372219309536,19.6383188860661,19.1090878633594,19.5600385544952,19.2611355096078,18.6228023937487,19.0737530848846,18.7748500399972,0.42428430155545,16790.2013252353,7217.42851444538,16445.211962,6837.46783918487,15196.5980476387,6780.75786794958,0.377183376458321,0.748522433683952,0.863468846068955,0.634716775395441,0.486285469610633,0.333796042386009,0.575645897379303,0.572345083821801,19.27371994477,7.73098214798553e-15,33.4819027331142,33.674998684484,TRUE,"RPS26B","TRUE"
"561","NP_011105",561,51.1800841915643,50.5558795154977,48.7305303487122,50.956539734696,50.0532400339933,48.2342632533882,50.4748610119283,49.2980802521509,47.3300485223014,1.32605755698121,13393.2965032905,4112.64346065762,13318.1568612048,4186.86217799048,13519.4907603333,4381.13672050476,3.6188612588495,3.51593207966745,2.42595131838631,3.99189728138481,4.48228245285443,4.79244666913765,3.50903167669675,4.1000920100633,49.6459474293591,1.07281622250267e-13,14.1480476676955,12.1084959331419,TRUE,"PDA1","TRUE"
"583","NP_011342",583,63.4246735803889,61.902514103274,62.9689745053188,63.8997880993174,62.3400582941688,63.3477582180686,62.7179083310205,61.6582079410527,62.4226897093102,0.738953062169211,1371.47396107919,352.002186414267,1396.00532865576,348.968108899869,1436.25570993914,345.189210170419,3.75368649163303,5.36269000018547,5.86493806031309,4.27622930216663,7.21819055263064,4.22950644104586,5.61227170152559,4.62280858113265,62.74250808688,1.43716629082498e-15,11.1795207758428,13.5723785628838,TRUE,"XRN1","TRUE"
"606","NP_011412",606,72.8240307132016,71.2454233485128,72.5759160370281,73.6702171064274,72.0916097417386,73.4344811495641,81.7362868935425,80.1923021288765,81.577787898059,4.34295424811025,34962.5242880537,8691.68103686577,37062.0474816107,8264.46815804698,40997.4030206711,8551.45588432886,2.46262772785911,3.45857031892989,9.16709921352657,3.19010254946454,8.40235152748316,3.85131487851399,6.67735948962294,3.49999591563614,75.4831172241056,2.95791881033059e-10,11.304336293622,21.5666300885915,TRUE,"RPL28","TRUE"
"612","NP_011447",612,92.6433447523995,89.9311582784346,88.7928398894299,101.360160267373,98.6479737934077,97.509655404403,99.0810804309259,96.368893956961,95.2305755679563,4.2734592283887,487.165620824742,713.768564690722,588.100771185567,774.368487113402,559.809442731959,800.070815154639,8.71681551497315,4.38052232284013,6.43773567852644,7.99164567630472,5.74993296131754,3.61112335346459,6.96816138493904,5.32776378420315,95.5072980379212,1.08554971451687e-11,13.7062408233469,17.9263386866176,TRUE,"MNP1","TRUE"
"627","NP_011485",627,139.74889606248,140.838401734111,144.894952623275,141.046032490691,142.135538162322,146.192089051485,138.461588071601,139.551093743231,143.607644632395,2.60152848302506,17961.545808381,9343.3406794,20353.7579851429,9027.6571399619,17170.9674373333,9527.76935385714,3.78586377648753,3.6103850060575,13.7923639743653,5.71601857989958,15.7494734520748,5.54696983940963,11.1092337343092,4.9577911417889,141.830692952399,1.36593130834593e-13,12.7669195143834,28.6076377354659,TRUE,"RPL30","TRUE"
"655","NP_011574",655,120.391114489851,115.640661452913,122.935869124923,124.323246356559,119.782117122855,126.2112188377,128.553053878123,123.802600841185,131.43954790501,4.76953711605391,1317.63259610356,892.075579860841,1452.03689464078,845.319907394822,1613.56765528155,779.176698802589,13.1639898811719,6.75114828972048,14.1753979886853,5.43139060085085,5.5613707285883,10.6369112442126,10.9669195328152,7.60648337826131,123.675492223235,7.38961189882031e-12,11.2771404817163,16.2592207296067,TRUE,"ERG25","TRUE"
"663","NP_011599",663,33.9496683418815,33.2957517814663,35.2484644912213,34.2034862952095,33.5495697347943,35.5022824445493,33.6303806111979,32.9764640507827,34.9291767605377,0.895989925013591,324993.900417937,67785.7058860345,326689.100669488,67802.5605835632,319682.617869891,67668.9874401724,1.02608315757637,2.01014561865341,0.801450876492333,2.50961309500874,1.22879504379661,2.72451049667795,1.01877635928844,2.4147564034467,34.1428049457378,3.10938916752527e-14,33.5135426283201,14.1392336291164,TRUE,"RPL11B","TRUE"
"669","NP_011619",669,100,100,100,100,100,100,100,100,100,0,24.6882283168831,0,56.7864622597403,0,43.3814419480519,0,0,0,0,0,0,0,0,0,100,9.10165555890519e-155,Inf,Inf,TRUE,"VMA21","TRUE"
"674","NP_011640",674,79.6416435312568,80.2706989990872,75.1231907295325,80.2212575960221,80.8650808222975,75.7175725527427,79.1560228714718,79.7901019231555,74.7172902728556,2.46051184954609,11080.676211229,4823.65124054021,11422.9105683864,5156.81634127622,12382.3115321136,4771.81512268357,4.17393781211874,2.70700219290928,5.71122224146959,6.61141966795109,3.19186629630632,7.64711789796414,4.35900878329822,5.65517991960817,78.3892065887135,3.11502242383712e-13,17.9832641973712,13.8614876454974,TRUE,"ASN2","TRUE"
"691","NP_011691",691,31.7532684944009,31.1782565532593,31.2351798549366,31.9939629307512,31.4189509896096,31.475874291287,33.6622495400135,33.0872375988719,33.1441609005492,0.941250331202682,632.573104798387,376.296742133065,703.865625955645,348.601409082661,735.17278552621,385.778504715726,1.07699351281505,0.827229757066441,2.59988406630368,0.864536059940658,1.66828660926227,0.299175443556526,1.781721396127,0.663647086854542,32.1054601281866,2.46056986155937e-13,18.0193492641305,48.3773089103056,TRUE,"ERG1","TRUE"
"703","NP_011723",703,46.0802911181339,42.6398070891395,44.440906393792,48.5701657689808,45.1296817399865,46.930781044639,45.8636457545147,42.4231617255204,44.2242610301729,1.97927173831071,1164.94279191571,561.683694712644,1113.61602858238,568.462901800766,1165.2930269341,514.525247203065,2.48987465084698,3.44048402899433,1.40361053497503,1.63938472434181,3.893485185822,1.80109930465251,2.595656790548,2.29365601932955,45.1447446294311,1.02537707075927e-11,17.3924167454743,19.6824389747104,TRUE,"CIR1","TRUE"
"719","NP_011769",719,53.7827396727974,51.9271595427279,57.7594404734896,53.4736713467932,51.6180912167237,57.4503721474853,56.8537133656369,54.9981332355674,60.830414166329,3.0459792028603,350.658690942308,628.833272769231,354.564611607692,601.949224607692,390.793521769231,636.1537385,1.93508638398012,4.18224234900047,3.07097369283945,3.97670080069213,3.57077033709178,5.83228093076161,2.85894347130378,4.66374136015141,55.4104150186167,6.21871494423539e-11,19.3814307889577,11.881108050301,TRUE,"PUP2","TRUE"
"752","NP_011872",752,72.3785756606595,75.4246755129026,77.4963123184861,73.8351821447337,76.8812819969768,78.9529188025603,78.8985802118809,81.9446800641241,84.0163168697075,3.70863508663788,2892.41463057082,4040.22197053219,3197.8938185794,4111.72725833047,3448.9607456824,4157.82020304721,4.12086538936177,4.8128140694772,7.87611259942175,5.1177366578266,8.12915351007327,4.18200621835873,6.70871049961893,4.70418564855418,77.7587248424479,3.1009036691829e-11,11.5907110385617,16.5296888030656,TRUE,"SOD2","TRUE"
"758","NP_011885",758,151.298028808,156.708666509957,157.79304765778,150.116851712944,155.527489414901,156.611870562724,149.324204502885,154.734842204842,155.819223352665,3.13360024555505,12091.9739537683,14730.6510458537,12583.7842935,14951.6721692683,12145.0746918049,15358.552362439,3.05293797081018,5.65475282445145,7.78567200555356,6.66389851645999,5.46628337370065,3.49898774615111,5.43496445002146,5.27254636235419,154.214913858522,4.63968485048509e-15,28.3745947699645,29.2486596153258,TRUE,"RPS27B","TRUE"
"765","NP_011905",765,82.1355961134754,83.5110421794454,77.2756010021823,81.2071569877845,82.5826030537545,76.3471618764914,87.5856930222187,88.9611390881886,82.7256979109255,4.11769669391571,161771.278092561,155744.495423158,148808.161839825,150541.820312895,198413.459329509,165139.368461228,1.09172658099868,2.72770509528154,5.48374465576738,4.92652656725762,6.37853603443415,6.2354411772631,4.3180024237334,4.62989094660075,82.4812990260518,3.82499010352944e-11,19.1017259677074,17.8149550340077,TRUE,"VMA10","TRUE"
"776","NP_011935",776,37.0767850132175,37.1864638314091,36.5449682209236,39.2642979920642,39.4303091724115,38.6352737095278,38.4780493910471,38.4270419482365,38.0972487925182,0.997179352540706,8311.34612313178,3628.17321233075,8605.82156942636,3554.50331141085,9187.38719761757,3628.78581124031,4.8892822463133,1.51296592320537,2.59339318094883,3.90561434593544,3.28853225478262,4.17681854325872,3.59040256068158,3.19846627079984,38.1267153412617,2.46555346745255e-13,10.6190642126837,11.9203118348743,TRUE,"DYS1","TRUE"
"777","NP_011941",777,38.7730405015086,35.6524242882129,33.0268987737165,43.2296806145726,40.1090644012769,37.4835388867805,44.5942430521599,41.4736268388642,38.8481013243678,3.62732417583856,130.62487767507,144.722198277311,137.237547380952,142.946583585434,145.146023193277,150.706793165266,4.45664011306395,3.12061621329572,5.8212025506513,5.74614172779208,1.36456243758735,2.62552551449636,3.8808017004342,3.83076115186138,39.2434020757178,2.40416190840522e-08,10.1121894662454,10.2442831907307,TRUE,"QNS1","TRUE"
"785","NP_011967",785,131.869191259333,131.627909328101,124.557417263838,120.957116388062,120.71583445683,113.645342392567,120.62897634713,120.387694415898,113.317202351635,6.60525925983919,17.8872739321581,33.1885202537393,17.9991115938301,33.3670635683761,18.0301262606838,36.8364386137821,13.8216492608882,0.241281931232034,11.2402149122032,7.31177399549465,2.90957438961738,7.07049206426262,9.32381285423628,4.87451599699644,121.967409355933,1.47871576353482e-10,13.0812802940931,25.0214399606209,TRUE,"TRA1","TRUE"
"824","NP_012133",824,113.283641742052,112.995728410852,111.745266114573,112.985722080584,112.697808749384,111.447346453105,116.612662351064,116.324749019864,115.074286723585,1.88211914067179,22040.9563798492,15002.9598041206,20287.2586953266,14075.993818593,22227.0083116583,14387.7122644221,1.8627972291006,4.41813327097965,7.25646748051998,1.70987565386981,7.76220187519317,3.28386753847263,5.62715552827125,3.1372921544407,113.68524573834,5.92398787632615e-15,20.2029684744232,36.2367417957629,TRUE,"RPL16A","TRUE"
"843","NP_012201",843,7.42846123896952,7.29485148426707,7.85257717664052,7.42846123896952,7.29485148426707,7.85257717664052,7.42846123896952,7.29485148426707,7.85257717664052,0.252186400077318,921.209236085627,568.903517003058,907.700959633028,548.044298103976,995.686989602446,551.15043848318,0,0.133609754702446,0,0.424115937671008,0,0.557725692373455,0,0.37181712824897,7.52529663329237,2.45293332068384e-13,Inf,20.2392414484289,TRUE,"YRB2","TRUE"
"844","NP_012202",844,44.6050979050497,50.4352531501744,49.2478086639405,45.4332431445462,51.263398389671,50.075953903437,48.4192177290533,54.2493729741781,53.0619284879441,3.18403981935184,2166.97223701299,1215.78656331169,2320.74067538961,1208.56159350649,2605.1487070974,1206.48756136364,0.828145239496531,5.83015524512478,3.81411982400364,4.64271075889084,2.98597458450711,1.18744448623394,2.54274654933576,3.88677016341652,49.6434749275549,3.42653100024555e-10,19.5235639747592,12.7724235908814,TRUE,"ARC15","TRUE"
"847","NP_012213",847,74.500533449104,72.0972526462587,78.2507859249214,76.3519586026754,73.94867779983,80.1022110784927,78.9543817862044,76.5511009833591,82.7046342620218,3.31178332995697,33363.8952332138,19290.7677199103,36419.6897845931,18747.5433480276,36818.7217317379,18724.1523164828,6.48468300335068,3.13832612824752,7.187148531449,4.55363170234298,2.83897583868111,7.59913630995332,5.50360245782693,5.09703138018127,77.0512818369853,1.09026057159702e-11,14.0001539768569,15.1168937543887,TRUE,"MMF1","TRUE"
"895","NP_012387",895,133.297932895026,129.050885334033,132.364284675269,134.838954118142,130.591906557149,133.905305898385,145.326802823331,141.079755262338,144.393154603574,5.98906457432221,550.219786652361,977.17583304721,588.328063476395,991.423579403433,632.384012188841,935.472099098712,6.92131683196432,4.88648073892141,12.0288699283052,0.933648219756835,10.7806962577527,4.10261549130422,9.91029433934075,3.30758148332749,136.094331351916,9.93710052442197e-12,13.7326225328813,41.146176454889,TRUE,"RPA34","TRUE"
"903","NP_012412",903,124.283808578177,122.394879609262,120.501692284734,123.908602301725,122.019673332809,120.126486008281,125.270307489253,123.381378520337,121.48819119581,1.74731277329203,428.256869686192,718.526811675732,453.476096380753,670.975029882845,511.723271941423,740.825011834728,0.933095500798591,2.34036773574128,0.986498911075524,4.19926672341814,1.63506294376975,1.89318732452769,1.18488578521462,2.81094059456237,122.597224368932,5.65219255812738e-17,103.467545900828,43.6143064019533,TRUE,"MTC1","TRUE"
"921","NP_012483",921,96.8724976803427,96.2223960213304,98.5243089301746,97.1676944137646,96.1754252050126,98.8239151713457,101.48318101872,100.76512124408,103.116320013289,2.49199246032309,6864.03315167211,66451.6171895861,7590.75380408678,65432.4296059238,7646.09570596813,67123.1896162127,5.03290414926785,4.40576084837386,9.69608859185243,6.61880731214871,11.9432033946667,10.2502130692892,8.89073204526233,7.0915937432706,98.7945399664511,2.79189622919722e-13,11.1120815995232,13.931218220192,TRUE,"TDH1","TRUE"
"929","NP_012508",929,70.9263254041029,71.4600165991845,70.5789017388787,71.6749257336129,72.2086169286945,71.3275020683886,71.3575206182423,71.9984387265731,71.9897613058699,0.530350070000001,9406.48651418546,8629.42531038847,9738.28672774436,8439.71646814536,10403.2110532331,8469.73293977193,1.88149773765001,2.43736313541692,3.81674304844768,3.3770561173321,3.70746880777192,4.95604532715641,3.13523653128987,3.59015485996848,71.5024454581719,3.99201420129559e-18,22.8060769082565,19.9162566092761,TRUE,"RNR2","TRUE"
"946","NP_012562",946,85.0618424462643,87.8920228913307,83.8081970586305,86.1393548903337,88.8003090461427,84.3953659270384,89.6343329527289,92.3281685230459,89.3800076825431,2.83525189827516,418.822151942946,196.240699993715,383.063291452405,204.347080558718,489.828280247647,171.798544676838,6.21499251811759,5.60273109165361,9.0590963953313,7.27208796694858,10.148664954531,10.1255940900504,8.47425128932664,7.66680438288418,87.4932890464509,8.83238922420177e-13,10.3246040339456,11.411963143572,TRUE,NA,"TRUE"
"947","NP_012563",947,47.4678235209988,47.7586631937522,48.6538336014594,50.828825522697,51.1196651954505,52.0175898451592,47.3614154800111,47.6583788882909,48.562174661801,1.78913223727007,13555.1859720045,22847.8072280841,15504.5275254932,23297.9263567977,19016.0086745295,24374.9542008273,4.23430122262647,1.73264292439429,2.74221271724614,2.59597995986962,6.22886428168516,1.4129786801351,4.40179274051926,1.913867188133,49.0475966566244,4.22269179245781e-12,11.1426410891937,25.6274818653801,TRUE,NA,"TRUE"
"965","NP_012637",965,36.0305030805854,36.419012919576,33.1845375674893,36.2739754582919,36.6624852972825,33.4280099451959,36.3100860862132,36.6985959252038,33.4641205731172,1.53505048097659,816.918210683564,603.029571072664,794.082138020242,600.958030814879,664.898170242734,580.91515558045,0.604311672115523,0.630086074745452,1.12821772630156,2.84596551309606,0.563010709687643,3.23447535208668,0.765180036034909,2.2368423133094,35.3857029836617,4.19052005733555e-12,46.2449375535555,15.8194892742836,TRUE,"URA8","TRUE"
"966","NP_012638",966,40.4322617227638,40.586778290327,40.1741841395487,45.8891515332292,46.0436681007924,45.6310739500141,46.5279281202156,46.6824446877788,46.2698505370005,2.90696457027198,12313.8709406948,7718.65514937662,14013.4309802987,7855.5136326039,14280.4409210714,7357.5801790974,5.45688981046541,0.671342517327193,6.1247391905261,4.12700678914099,1.67686775214946,3.56110757398721,4.41949891771366,2.78648562681846,44.2485934535189,1.19038642772469e-09,10.0121290393731,15.8797135099673,TRUE,"SOD1","TRUE"
"973","NP_012657",973,83.3314639855611,80.6011370463085,84.7104795326522,83.9372370087018,81.0034069192695,85.1368867942815,86.1153349135049,83.3906141657502,87.5081251187024,2.23397418416123,64825.5380079111,38514.8274035022,62303.3288059111,37487.2732772444,65478.5792788,38113.3788260356,3.98075543440437,4.00255811042454,6.16891885999908,3.00989924587477,2.83586203233331,4.71340923402949,4.32851210891226,3.90862219677627,83.9705206094147,8.13096574947152e-14,19.399396027222,21.4834067817226,TRUE,"RPS5","TRUE"
"977","NP_012666",977,5.68825540402816,5.68825540402816,5.68825540402816,5.63313476721281,5.63313476721281,5.63313476721281,6.17365260876685,6.17365260876685,6.17365260876685,0.257586943576652,148.963974913168,79.2635117080153,168.25160965458,74.0848517843511,179.535877879771,86.8523868225191,0.0551206368153467,0,0.485397204738686,0,0.540517841554033,0,0.360345227702689,0,5.83168092666927,2.32575675441689e-11,16.1835941712008,Inf,TRUE,"NMD5","TRUE"
"1010","NP_012770",1010,72.5891426366622,70.29776966839,69.5022783800675,72.9292916704844,71.553206048033,70.5548509462456,76.5503991565698,75.0154667837289,74.0057757955508,2.33670456763228,114586.937328781,61080.0043222227,119545.861015745,58667.6675233158,127933.310588672,59577.5694135425,3.16191926138405,4.09667654996511,6.5330812107737,5.66211509115213,5.65165172822855,7.65134664763689,5.1155507334621,5.80337942958471,72.5553534539702,6.56583905244531e-13,14.183292715556,12.5022591292402,TRUE,"GPM1","TRUE"
"1016","NP_012782",1016,39.3323531022886,38.6982680098008,36.3121407134445,42.398096521643,41.7640114291552,39.3778841327989,38.3476404555508,37.713555363063,35.3274280667067,2.29106924562428,36.1497368065693,76.1384847773723,37.5961605164234,87.3485097627737,41.7052190218978,86.898376350365,3.0657434193544,0.634085092487801,0.98471264673779,3.02021238884417,4.05045606609219,2.38612729635637,2.70030404406146,2.01347492589611,38.8079308660502,2.3884068153245e-10,14.3716893478707,19.2741068522512,TRUE,"TGL1","TRUE"
"1030","NP_012829",1030,89.3221463614392,86.335341709558,83.8754912252502,91.0781642188103,88.0913595669292,85.6315090826213,85.6861574115471,82.6993527596659,80.2395022753581,3.35439395373701,375.413800990415,113.208136971246,386.135979329073,141.809895035144,447.677403162939,133.92613601278,1.75601785737112,2.98680465188117,3.63598894989211,5.446655136189,5.39200680726324,2.45985048430784,3.59467120484216,3.631103424126,85.8843360679088,2.45287403072591e-12,23.8921256420391,23.6524070058899,TRUE,"YJU3","TRUE"
"1045","NP_012867",1045,81.1251777595462,83.1752460514808,81.7611825578765,78.4095314760687,80.756721782673,79.2654864689667,82.7565541094517,85.0846046251191,83.6431023941038,2.1345612251243,52091.0236155204,14224.8925751024,54139.0237088994,14238.7033449257,55946.5196000479,14581.7118690281,4.10163948931448,5.74775310158711,5.88381207150827,5.1233257295135,5.54355262473798,4.58102438348193,5.17633472852024,5.15070107152751,81.7752896916985,4.95286996700869e-14,15.7979137711358,15.8765357484524,TRUE,"TMA19","TRUE"
"1052","NP_012896",1052,132.812234780217,128.33643945711,128.096129586472,132.514227757109,128.038432434002,127.798122563364,133.079436928216,128.729332307597,128.363331734471,2.30598931239346,831.761283011958,351.199601793722,814.450733327354,366.616893756353,838.545429705531,385.054620638266,1.96483258066033,4.67760360206047,1.53235169357718,4.72459812700919,3.49718427423751,2.52807404163444,2.33145618282501,3.9767585902347,129.751965283173,6.69218504138251e-16,55.652757379276,32.6275689959635,TRUE,"MAE1","TRUE"
"1058","NP_012912",1058,50.7698432254067,52.4812238733386,45.9807009711835,46.8755182188997,48.5868988668316,42.0863759646765,51.5133605267832,53.2247411747151,46.72421827256,3.62887158358648,1136.45112695906,613.160698900585,1168.89006220117,673.882286643275,1316.72210099415,654.844181637427,3.89432500650706,1.97297883063347,3.3309668277692,4.85984731192655,5.59079918197848,6.83282614256002,4.27203033875158,4.55521742837335,48.6936534549328,1.88719828287457e-09,11.398246171904,10.6896441762871,TRUE,"ARC19","TRUE"
"1061","NP_012918",1061,119.720057088547,114.126337753934,114.845790784765,116.543444359286,110.949725024672,111.669178055504,117.047812586626,111.454093252013,112.173546282844,3.02183568126833,1870.37526156716,860.965657126866,1991.20714701493,872.596438992537,2033.83736044776,839.558755895522,3.17661272926145,5.59371933461364,2.67224450192072,4.87426630378211,0.504368227340734,0.719453030831527,2.11774181950764,3.72914622307576,114.281109465355,3.63976856447779e-14,53.9636646982418,30.6453817118216,TRUE,"CAP1","TRUE"
"1102","NP_013060",1102,27.3992228944351,28.0946229970252,29.5939152276855,28.3998165532836,29.0952166558736,30.594508886534,25.8272376417285,26.5226377443185,28.0219299749788,1.48486617638854,12.3032503985369,6.01895618129771,11.1887196507634,5.5700355403944,12.9729325569338,5.55527075477099,1.00059365884845,0.695400102590032,1.57198525270667,2.19469233325038,2.57257891155513,1.49929223066034,1.71505260770342,1.46312822216692,28.1721231750959,5.80615737363325e-11,16.4263900993803,19.2547192708596,TRUE,"VPS13","TRUE"
"1128","NP_013145",1128,65.3233173728691,64.6871575066717,65.6839511891276,65.6413034396486,65.3296906728254,66.3041451464314,71.2716164912868,70.4975626403572,71.5584625246362,2.85184091592379,225742.596080529,126481.936063075,228212.992969224,124739.739470409,226538.770059146,129930.372511733,4.06182014225154,6.48837919014668,8.39671110991064,6.65724278271163,7.71914610253282,6.78625128601541,6.725892451565,6.6439577529579,67.3663563315393,1.53713756899541e-11,10.0159728715056,10.1394919769843,TRUE,"PDC1","TRUE"
"1129","NP_013149",1129,69.5808598747858,67.6277277148783,66.1267629814522,70.7619187758316,68.7435360586858,67.2976511443637,72.8664287527811,71.0197356176683,69.5188778773848,2.09532695453304,17702.9559186111,5188.60189181587,17821.4079624405,5243.10857734206,18408.1939509635,5208.8718253619,3.17409341759318,4.65299937948459,8.6478082546013,5.38876441117921,7.83442388333425,4.56613551024598,6.55210851850958,4.86929976696993,69.2826109775368,1.76735643072017e-12,10.5740939396554,14.228454663544,TRUE,"RPS0B","TRUE"
"1133","NP_013162",1133,45.4977830528205,50.0545432076237,50.7755017584814,45.4382702237288,49.9950303785321,50.7159889293898,45.0734135573592,49.6301737121624,50.3511322630201,2.48633542359633,78037.7315826116,43680.6189330248,77851.5561924959,39484.5524793884,72620.6942273223,42731.0687476529,0.270167928256462,4.55676015480322,0.590321909357056,5.27771870566094,0.364856666369641,2.31482217487885,0.408448834661053,4.049767011781,48.6146485647909,1.79399009059832e-11,119.022615415547,12.0043075128441,TRUE,"RPL22A","TRUE"
"1136","NP_013176",1136,78.3988727827553,79.2092774233016,77.0016523177685,75.7068416602177,76.5201561449744,74.3122481236788,82.5797565273462,83.4060197460842,81.1981117247886,3.15509672532351,134282.069587864,28094.406786629,132699.335636765,26425.394962181,130032.349387674,27565.9506739548,3.23115210883333,1.95851488483311,4.26674056604529,4.13172526815167,6.92014672789555,3.80703279061888,4.80601313425806,3.29909098120122,78.7036596056572,4.21111084496452e-12,16.3760808401967,23.856165244949,TRUE,"RPL10","TRUE"
"1183","NP_013350",1183,83.294008895911,84.5354744553969,84.6306208131593,83.4763437439113,84.6935074660865,84.8566813454,90.1307709026646,91.9869118695559,92.1319277856627,3.66701896332013,131592.831038926,33036.4479523013,136711.392971363,32310.1631675941,144322.528703288,33245.502558628,4.18481594648837,5.33828761897466,9.56458160999335,6.7232646325506,11.1246630239007,4.28418567237852,8.29135352679416,5.44857930796793,86.6373608086387,2.03116485800244e-11,10.4491215491733,15.9009084591907,TRUE,"YEF3","TRUE"
"1188","NP_013363",1188,31.5723701718062,29.7486992783228,28.4034181828571,32.3875858226107,30.5639149291272,29.2186338336615,34.7384097564659,32.9147388629824,31.5694577675167,1.98092686130621,1242.46554693023,1466.15715497674,1372.9886592093,1397.08848530233,1301.78615297674,1463.80667344186,0.81521565080443,1.82367089348345,3.16603958465964,3.16895198894916,2.35082393385521,1.34528109546572,2.11069305643976,2.11263465929944,31.2352476228167,4.2170269084331e-10,14.7985741117201,14.7849735804176,TRUE,"YPT6","TRUE"
"1193","NP_013387",1193,100,100,100,100,100,100,100,100,100,0,10.9317536666667,0,10.7225563218391,0,11.3761046666667,0,0,0,0,0,0,0,0,0,100,9.10165555890519e-155,Inf,Inf,TRUE,"NNT1","TRUE"
"1199","NP_013403",1199,100,100,100,100,100,100,100,100,100,0,15.1734596116071,0,17.1136987142857,0,20.8022421428571,0,0,0,0,0,0,0,0,0,100,9.10165555890519e-155,Inf,Inf,TRUE,"EXG1","TRUE"
"1213","NP_013451",1213,38.7235192522542,37.6633105607954,38.527949603962,41.3851776700861,40.3249689786272,41.1896080217938,41.0755726819826,40.0153639905238,40.8800030336904,1.35195815162288,1330.32865355401,721.556845747967,1318.53702736353,653.058185765389,1398.00890557491,675.91214954007,2.6616584178318,2.88188063279455,2.35205342972836,0.428292378045468,1.14653690345572,2.45358825474908,2.05341625033863,1.92125375519637,39.9761637548573,6.90157976891673e-13,19.468124764409,20.8073314869182,TRUE,"KAP95","TRUE"
"1229","NP_013495",1229,12.7107595096417,14.5358645771529,13.8634085779535,13.7028868302361,15.5279918977473,14.8555358985478,12.0612449413088,13.8863500088201,13.2138940096206,1.07313671887729,545.562190252101,550.931680840336,582.967651806723,537.549356638655,602.422720084034,515.826926420168,0.992127320594394,1.82510506751123,0.649514568332876,1.15264906831176,1.64164188892727,0.672455999199472,1.09442792595151,1.21673671167415,13.8175484723365,2.95347189180451e-09,12.625361748078,11.3562353628045,TRUE,"CCW14","TRUE"
"1236","NP_013523",1236,100,100,100,100,100,100,100,100,100,0,0.63041471804878,0,0.976950275958188,0,1.13701577142857,0,0,0,0,0,0,0,0,0,100,9.10165555890519e-155,Inf,Inf,TRUE,NA,"TRUE"
"1239","NP_013534",1239,126.131864549363,123.830849674852,133.523034842407,120.933214991784,118.632200117272,128.324385284827,109.368153748752,107.067138874241,116.759324041796,8.6288840505289,3.61676111833259,7.16566259659346,4.14805816270731,5.89051747646795,4.6943160228597,7.10411877588525,5.19864955757967,2.30101487451151,16.7637108006111,7.3911702930434,11.5650612430314,9.6921851675549,11.1758072004074,6.46145677836994,120.507796236144,2.00007254458537e-09,10.7829165334698,18.6502518502561,TRUE,"SEN1","TRUE"
"1242","NP_013537",1242,82.2339171611404,87.1160793586488,84.9815320773471,89.8328479948383,94.7150101923467,92.5804629110449,88.1668412819438,93.0490034794523,90.9144561981505,4.05678604859498,193.098360198915,462.775306180832,188.759865298373,484.128716101266,214.11605556962,464.695226726944,10.444435917519,4.88216219750843,9.3899182754297,4.72685579803003,5.07979550406716,3.17872261994195,8.30471656567195,4.26258020516014,89.2877945172125,2.37145549413768e-11,10.7514559721748,20.9468890248971,TRUE,"CNA1","TRUE"
"1248","NP_013553",1248,138.535587873888,141.182358904631,140.512439330874,139.141754539412,141.788525570155,141.118605996399,144.271651443607,146.861894331025,146.173990306461,2.95413920353388,40711.8844618182,18532.134698392,43544.5153527273,17085.5672418409,46985.5656884659,20165.0961485,1.86027520686897,3.52357803732052,6.47802185396339,4.60673430167325,5.55194262489953,3.68179188014135,4.63007989524396,3.93736807304504,142.176312032939,6.37345551247227e-15,30.7070969075465,36.1094795800953,TRUE,"RPL6B","TRUE"
"1257","NP_013592",1257,64.8187188245735,70.346591212003,67.1260047749915,67.3987087126161,72.9265811000456,69.7059946630341,71.1157253914888,76.6435977789184,73.4230113419069,3.64653896016758,125.874888654206,37.4518934325234,137.06979635514,36.8465487121495,164.281972859813,40.1381594826168,2.57998988804261,5.52787238742956,6.29700656691534,2.30728595041805,3.71701667887273,3.22058643701151,4.19800437794356,3.68524825828637,70.389437088842,4.75203183577793e-11,16.7673567609101,19.1003243622922,TRUE,"VAN1","TRUE"
"1271","NP_013632",1271,100,100,100,100,100,100,100,100,100,0,38.4834823880597,0,20.2754035124378,0,61.7673748955224,0,0,0,0,0,0,0,0,0,100,9.10165555890519e-155,Inf,Inf,TRUE,NA,"TRUE"
"1274","NP_013638",1274,107.149950182371,107.143144427027,108.728741297478,104.695511069849,104.688705314504,106.20734110323,116.263782410549,116.256976655204,117.082304682098,5.20603665582638,2776.425644,13999.8704992557,2696.19475242045,13659.7590685,2348.1956985,15131.6379693352,6.03790341379418,0.815613810702598,9.16638393653906,3.34967966227093,12.2311018629838,3.15715218861549,9.14512973777234,2.44081522052967,109.801828571368,2.79144362592401e-11,12.0065905809789,44.9857193808961,TRUE,"RPL6A","TRUE"
"1283","NP_013655",1283,21.6672146276926,22.8664875774375,23.4259483559152,22.2022224254942,23.4014953752391,23.9609561537167,18.9819499864543,20.1812229361992,20.7406837146768,1.68491210513581,380.181847417219,113.729120761589,404.317871009934,101.709078738411,386.800941440397,96.8995037864238,0.53500779780153,1.1992729497449,2.68526464123836,1.75873372822254,3.22027243903989,0.559460778477645,2.14684829269326,1.17248915214836,21.9364645725362,5.53375792617207e-09,10.2179854287778,18.7093113248356,TRUE,"CMP2","TRUE"
"1293","NP_013684",1293,91.4447987401271,90.4382816683253,90.8600596705975,92.3062494198165,91.401776788443,91.7215103502869,94.4203197305312,93.7245570823529,94.4197194812239,1.51782993602805,31392.8168160694,23891.0913781429,33303.0431817092,23793.9349999694,34153.8417579592,23498.5877913265,6.39081536808434,2.2522731136165,11.3166884120557,3.01473745657134,8.83634377599624,3.21785317623471,8.84794918537875,2.82828791547418,92.304141436856,6.881578351273e-15,10.4322639634265,32.6360484489008,TRUE,"TSA1","TRUE"
"1300","NP_013703",1300,25.8542374308552,28.8948672092775,27.240066933632,25.5216217912204,28.8898001015279,28.1831502980877,26.0629342045913,29.1035639830137,27.6149394144076,1.40007768569042,834.153430178739,194.507897177799,882.617805841957,204.822918880527,934.192321552211,193.057805587959,1.70547387795697,3.36817831030758,0.374872480775571,2.66152850686738,1.53929817091754,2.18943761126671,1.20654817655003,2.73971480948056,27.4850201518459,3.39423638171922e-11,22.7798779079306,10.0320734321457,TRUE,"SPT5","TRUE"
"1317","NP_013753",1317,100,100,100,100,100,100,100,100,100,0,3.78370620890411,0,10.0178687876712,0,11.7208739726027,0,0,0,0,0,0,0,0,0,100,9.10165555890519e-155,Inf,Inf,TRUE,"SUB1","TRUE"
"1326","NP_013787",1326,52.6160101650489,54.3317758562378,53.4211125550546,52.1439496260992,53.8597153172881,52.9490520161049,52.1165056279581,53.832271319147,52.9216080179638,0.782180327803107,6573.62024698204,8372.93108083832,6081.48390136527,8281.68906790419,7035.41934789222,8186.17481724551,0.472060538949694,1.7157656911889,0.499504537090756,0.805102390005703,0.0401906666336244,0.910663301183199,0.337251914224691,1.14384379412593,53.1324445001002,8.1147870722458e-17,157.545271825207,46.4507870506053,TRUE,"TVP18","TRUE"
"1327","NP_013788",1327,47.6305683423096,48.317818244439,52.0845021483329,49.5166539035824,49.9410645086023,53.7077484124963,48.814028549084,49.0707533064874,52.8374372103813,2.14140195285037,6686.8424599235,6449.54860120219,6796.73949208197,6444.49701256831,7071.6532014153,6337.88088830601,1.88608556127279,3.10051960221238,1.18346020677445,5.32418460537576,0.870311202114902,5.17040752033397,1.31328565672071,4.53170390930737,50.213397180635,3.78090511393019e-12,38.2349391571201,11.0804673441936,TRUE,"ABF2","TRUE"
"1332","NP_013800",1332,58.0715243489053,56.9111315713191,58.4272041108502,57.2957568592393,56.191830043693,57.7079025832242,61.7871429212697,60.2142242804651,61.3471695699109,1.99167156260062,2674.88742069829,2131.39696612408,2734.86327841573,2087.87985212869,2827.14584854451,2122.18469731301,5.14026000132263,2.38382338698742,4.0142849181896,1.86771255837607,6.40032259950993,3.72826820326505,5.18495583967405,2.65993471620951,58.6615429209863,1.077044710524e-12,11.3137979830266,22.0537528848004,TRUE,"ADH3","TRUE"
"1338","NP_013811",1338,109.330923357172,106.998428831892,108.189414355207,109.280584708182,106.948090182902,108.139075706217,108.606450275681,106.273955750401,107.464941273716,1.06910432648342,1187.99515744639,537.796739844055,1244.85350477583,527.218299220273,1412.79003752437,526.37030791423,0.0503386489897908,2.33249452527989,0.724473081491062,1.14150900196456,0.674134432501271,1.19098552331533,0.482982054327375,1.55499635018659,107.914651604596,1.54795666754419e-18,223.434081323961,69.398652666707,TRUE,"UTP15","TRUE"
"1350","NP_013850",1350,64.8752261815921,63.0695258991158,69.9006949630074,65.1725828057775,63.3668825233012,70.1980515871929,62.0533828463018,60.2476825638255,67.0788516277172,3.40883759367926,1108.2427615225,494.435484939335,1156.35079491585,463.48082395499,1159.79680405479,496.297233393346,2.85537598725311,3.32220300408403,4.05272634605935,5.97399212354402,3.21224934785048,7.04126417292737,3.37345056038765,5.44581976685181,65.1069867775368,3.65118941684838e-11,19.2998194614286,11.9554060848354,TRUE,"RRB1","TRUE"
"1363","NP_013911",1363,67.3616120973806,68.1895831749079,67.5534825783107,67.9063115196929,68.7758032843773,68.1198029087171,70.7678585160872,71.6918043466589,71.0074668610114,1.65227900175137,58205.1704124214,14984.0605421396,62209.0439612922,14707.8760047357,65777.9803373078,15714.8315990868,3.27617583336751,4.00617592727819,8.07780392763202,5.54046113825361,8.40557449320528,5.68789581099342,6.58651808473494,5.07817762550841,69.0415250319049,3.8336982193614e-13,10.4822493681323,13.5957286498014,TRUE,"HSC82","TRUE"
"1379","NP_013953",1379,24.9600434869597,23.3801520991709,26.4835369303732,22.10661709396,20.5267257061712,23.6301105373735,23.9564427057952,22.3765513180063,25.4799361492086,1.83777031965001,739.9985057603,255.813648700375,768.910901921348,286.31820888764,840.593495561798,262.604031269663,2.85342639299967,1.57989138778882,1.35151006751339,1.93355122723253,2.31593213717807,3.10338483120231,2.17362286589704,2.20560914874122,23.6555684474465,3.2037160216307e-09,10.8830141689202,10.7251860380373,TRUE,NA,"TRUE"
"1388","NP_013983",1388,100,100,100,100,100,100,100,100,100,0,25.2974484333333,0,40.0690571666667,0,57.85789465,0,0,0,0,0,0,0,0,0,100,9.10165555890519e-155,Inf,Inf,TRUE,"COX7","TRUE"
"1389","NP_013987",1389,39.4047505997051,41.0889196338485,39.6764411804778,40.48189630134,42.1660653354834,40.7535868821126,39.5980886596618,41.2822576938052,39.8697792404344,0.927636439017982,20404.7667555556,9289.55714729412,21778.8491866667,9487.57022486274,21776.2703952941,9985.19416335948,1.45430343689196,3.58260131647065,4.0805891995818,3.07089570691231,4.59521485973152,2.93105282071656,3.37670249873509,3.19484994803317,40.4801983918743,2.64800782542604e-13,11.9880855381954,12.6704537146713,TRUE,"TIF11","TRUE"
"1394","NP_013999",1394,55.1985618079829,61.7852382022108,62.9200253083338,53.1175390234351,59.7042154176629,60.839002523786,54.1839706400168,60.7706470342447,61.9054341403678,3.72139714600781,258.522288880208,176.958571223958,261.598127578125,189.206354270833,267.92681421875,180.046696848958,2.08102278454782,6.58667639422788,1.01459116796605,7.72146350035094,1.06643161658177,1.13478710612306,1.38734852303188,5.14764233356729,58.9360704553379,1.72543450208087e-10,42.4810849450723,11.4491385835067,TRUE,"SCS7","TRUE"
"1414","NP_014078",1414,81.4275998119916,77.9482052906277,77.2083682588723,82.2034377855484,78.7240432641845,77.9842062324291,76.4441160080619,72.964721486698,72.2248844549426,3.33658288315986,59.0745062995595,57.3081970297357,60.9585032819383,60.59264044163,65.628930253304,52.0383349471366,0.775837973556769,3.4793945213639,4.98348380392969,4.21923155311928,5.75932177748646,0.739837031755371,3.83954785165764,2.81282103541285,77.4588425103729,1.03981622764234e-11,20.1739489916584,27.5377784562835,TRUE,"VNX1","TRUE"
"1443","NP_014179",1443,63.3964089766682,65.1227742682672,62.5333661028264,59.703754760603,61.430120052202,58.8407118867612,65.2469501969404,66.9733154885394,64.3839073230986,2.69762461209302,5035.41074172055,3021.70426369746,5348.32782461201,3015.44436180139,5605.30071584527,3173.38106407159,4.8577896124453,6.7575820718477,3.51257856358831,7.1865723758121,5.70526205629761,4.84499350564238,4.69187674411041,6.26304931776739,63.0701454506563,7.35523952754236e-12,13.4424131089604,10.0701977983368,TRUE,"ADE12","TRUE"
"1447","NP_014191",1447,84.6899654436913,86.1022132624944,81.9418643818352,88.261002458047,89.6732502768501,85.5129013961909,90.1604566787465,91.5727044975496,87.4123556168904,3.02368798414986,8001.09151488442,12433.4527289447,8200.41282632161,12385.8270452261,8814.02048756784,12912.2708835176,3.57103701435572,1.51969895555242,5.75896403192412,3.29694109607059,3.83576649177377,4.71351003082853,4.3885891793512,3.17671669415051,87.2585237791439,6.92361268349969e-13,19.8830467407852,27.4681478332073,TRUE,NA,"TRUE"
"1461","NP_014246",1461,54.4652149243702,56.6508971974744,56.4451979238409,56.2473424032577,58.4330246763619,58.2273254027285,52.8424757920147,55.0281580651189,54.8224587914855,1.80769982129809,1807.6343220155,1981.74182565891,1818.98306167442,1969.07114086822,2042.34515325581,2101.25890004651,2.95578457727009,2.29142020645479,2.61925119633978,1.97998299947075,5.57503577360987,2.00124152132167,3.71669051573991,2.09088157574907,55.9068994640725,8.4591953175088e-13,15.0421185803098,26.738434214785,TRUE,"GIM3","TRUE"
"1475","NP_014286",1475,56.671764769947,51.7795205774402,50.5599641210939,62.8936715834874,58.0014273909806,56.7818709346342,61.9956706564176,57.1034264639108,55.8838700075644,4.04100826388119,2967.71267119718,2637.35865767606,2950.35607035211,2428.56058577465,3274.20500302817,2326.28437676056,6.22190681354039,4.89224419250676,5.32390588647057,6.11180064885315,1.61417391112273,2.0846256251345,4.38666220371123,4.36289015549814,56.852354056164,1.43313010898407e-09,12.9602762683813,13.0308928324767,TRUE,"RPC19","TRUE"
"1483","NP_014311",1483,159.455056571614,156.740360293934,157.406742563911,157.494020277474,154.779323999794,155.445706269771,164.244806994071,161.530110716391,162.196492986368,3.24749374967228,151.07707237395,558.059560798319,143.633520833333,538.36674820028,156.576184264706,568.581425735294,1.96103629413974,2.71469627767961,4.78975042245727,2.04831400770276,6.750786716597,0.666382269976854,4.50052447773134,1.80979751845308,158.810291185925,4.5006973748811e-15,35.2870630904734,87.750308842101,TRUE,"TOP2","TRUE"
"1490","NP_014329",1490,58.6882344520545,61.5816327153366,56.6759577201206,59.5694160909156,62.4628143541977,57.5571393589816,64.7846091755743,67.6780074388564,62.7723324436404,3.5641822883209,8809.79115833333,5374.64469833333,8713.02842666667,5698.95749,8086.72503333333,5626.98298833333,0.881181638861076,2.89339826328207,6.0963747235198,2.01227673193394,5.21519308465873,4.90567499521602,4.06424981567987,3.27044999681068,61.3077937499642,2.32491952499132e-10,15.0846519112676,18.7459810759226,TRUE,"TOM7","TRUE"
"1491","NP_014330",1491,56.9758714972762,57.1594322646342,57.2239238170073,53.9703046146399,54.2477459689542,54.218356934371,53.5532951471694,53.7368559145274,53.8013474669005,1.61531800281487,39087.0095620606,16797.6868360697,41708.0097402641,15794.9248882323,40889.2050530253,16873.3013782323,3.0830759671309,5.72396076498043,4.39211796909923,1.1572761433412,5.23780743341416,6.49883142187828,4.23766712321476,4.4600227767333,54.98745929172,2.50174364758574e-13,12.9758798161583,12.3289637843498,TRUE,"RPL16B","TRUE"
"1494","NP_014338",1494,52.0901998227752,50.3247435660999,48.8620736278712,53.4453521883819,51.6798959317066,50.217225993478,58.0910468289587,56.3255905722834,54.8629206340548,3.06402756375844,2103.14408652589,1730.15153175566,2157.20599223786,1720.1641216877,2111.20154771359,1836.14083648058,2.8766343970835,3.11605826211102,6.50383191231989,4.04047250523754,6.31664674894116,2.10696679752837,5.23237101944818,3.08783252162564,52.8776721295122,2.65951773073277e-10,10.1058720669791,17.1245272401218,TRUE,"NOP2","TRUE"
"1511","NP_014391",1511,73.4254803439652,75.2344753801456,72.885960353407,73.5846923807121,75.3936874168925,73.0451723901539,71.9784977788997,73.7874928150801,71.4389777883415,1.31234693426956,1681.86530726989,2436.467248,1776.82331550284,2508.47084222443,1946.71671439489,2578.1652666108,4.87685743050223,2.94151707537868,5.57088120263746,4.27283229010127,6.71734328646816,4.10174497002505,5.72169397320261,3.77203144516833,73.4193818497331,1.87904035148614e-15,12.831756153613,19.4641489385719,TRUE,"SIS1","TRUE"
"1513","NP_014397",1513,100,100,100,100,100,100,100,100,100,8.70233571526732e-15,41.5267429326425,0,39.356838492228,0,55.6961336595855,0,0,0,7.28203487794247,0,7.28203487794247,0,4.85468991862831,0,100,3.8453293917206e-15,20.5986379513719,Inf,TRUE,"DOM34","TRUE"
"1521","NP_014418",1521,41.1893718434324,39.307415374073,39.1326030360517,44.6422734446616,42.7603169753021,42.5855046372809,42.8395906124632,40.9576341431038,40.7828218050826,1.79227628590145,177.410922648515,400.202209034653,177.092822277228,371.621251757426,195.948763019802,371.093168366337,3.45290160122919,1.88195646935943,1.65021876903085,2.05676880738063,1.80268283219834,0.1748123380212,2.30193440081946,1.37117920492042,41.5775035412724,7.67864927882051e-12,18.0619845319968,30.3224431876397,TRUE,NA,"TRUE"
"1526","NP_014441",1526,145.150117152644,141.788084975941,149.584857627673,146.389254877858,143.027222701155,150.823995352886,146.036084063237,142.674051886534,150.470824538265,3.43156262717602,580.225999722222,1504.54131068182,574.885924747475,1478.7232079303,604.977440757576,1519.49866835354,10.9171721833026,4.6761173516028,10.2653392008337,5.76363339900105,6.71040437249592,7.7967726517317,9.29763858554408,6.07884113411185,146.216054797355,2.2665029229317e-14,15.7261495434648,24.053277848775,TRUE,"MVD1","TRUE"
"1536","NP_014498",1536,56.2744864065526,57.6575825817049,59.6442593202652,55.7245623006692,57.1076584758215,59.0943352143818,59.3037531701472,60.6868493452995,62.6735260838598,2.22218051445685,8957.38775627811,7132.2808278858,9581.20316277515,7203.7571183432,9584.87913491124,7498.4218591716,0.549924105883362,1.38309617515227,3.03557349041104,3.36977291371256,3.579190869478,1.9866767385603,2.3882294885908,2.24651527580838,58.6852236554113,2.31991965838539e-12,24.5726903280301,26.1227797056908,TRUE,"RIB4","TRUE"
"1539","NP_014514",1539,69.9188840650551,66.8267384528883,70.4122170508856,71.005157885957,67.9102905209329,71.4959500133579,72.1127791008467,69.0179117358227,72.5280963647279,1.92071697317375,29315.7673224648,12926.2957211479,30334.3331218028,12135.4706615352,31038.5024770423,12904.1905395,5.52347183907091,4.09510289288165,8.46186605869037,4.58069517430005,7.01400539688587,7.10835141893179,6.99978109821572,5.26138316203783,70.136447243386,1.84682928527364e-13,10.0198057995362,13.3304199833682,TRUE,"RPL25","TRUE"
"1551","NP_014553",1551,100,100,100,100,100,100,100,100,100,0,15.6815736101083,0,20.8736447761733,0,25.4826557761733,0,0,0,0,0,0,0,0,0,100,9.10165555890519e-155,Inf,Inf,TRUE,"MPD2","TRUE"
"1553","NP_014555",1553,102.526839258275,105.30816239874,103.321830071214,103.786488504751,106.558607072325,104.533727308808,106.4969615757,109.071451673875,107.040077933055,2.08119605918584,598254.75764272,228602.893618546,619385.514393141,235672.584324975,673779.630131273,232041.82786848,4.31529371878501,4.97024786050157,10.069333567846,5.02049505095896,9.11242128887158,7.24423071040208,7.83234952516751,5.74499120728754,105.404905088527,2.4006056462965e-14,13.457635508966,18.3472700453955,TRUE,"ADH1","TRUE"
"1583","NP_014652",1583,48.6733403456632,46.4895393831638,42.2493134963162,50.5880737232717,48.4042727607723,44.1640468739247,48.9267816787017,46.7429807162023,42.5027548293547,2.96873185995318,530.33325774538,768.756448,529.997675761807,820.118826564682,533.784192544148,827.399100353183,1.91473337760846,2.90309804595811,0.372015333208236,6.50470444431199,1.66129204456996,4.24022588684764,1.31601358512889,4.54934279237258,46.5267893119301,2.13702635008793e-10,35.3543381600984,10.2271452021459,TRUE,"TIR4","TRUE"
"1591","NP_014689",1591,60.7376774160077,61.7738058199177,66.3288162555387,60.1217299076358,61.1249117781067,65.6799222137277,61.4544079830471,62.3828892521492,66.6184805933123,2.56127385637923,1617.34383506432,927.972907753112,1681.6816451722,941.518474039419,1763.05544760581,917.260327927386,2.76270554133085,4.21394478616023,3.08625544404296,7.80795293657993,1.33267807541134,4.7587906489245,2.39387968692838,5.59356279055489,62.9136268021603,2.94484430498801e-12,26.2810312254604,11.2475052409163,TRUE,"DBP5","TRUE"
"1609","NP_014744",1609,39.4063039681478,40.6280888562593,34.6288496298484,43.5270067355672,44.8602378863288,39.0531965690193,44.4316973306997,45.6534822188112,39.6542429924004,3.58279484505839,184.319603456311,109.88806128479,198.11620410356,117.065019368932,211.570762669903,111.485998990291,5.10112189942542,1.34361558658269,5.02539336255194,4.77745433829938,1.27737092602399,5.99923922641084,3.80129539600045,4.04010305043097,41.3159006874536,1.17422824410092e-08,10.8689003045973,10.2264472395194,TRUE,"RAS1","TRUE"
"1631","NP_014807",1631,44.5979445962487,47.106273533693,43.1327865402999,42.3539013680607,44.8622303055051,40.8887433121119,42.5402134511348,45.0485423885791,41.0750553951859,2.04730617952728,1043.40832775641,550.13538625,1101.61397811859,548.570628429487,1105.15585077244,547.963134647436,2.88178208038936,2.50832893744433,3.39330287453636,1.46515805594885,0.697832877221021,3.97348699339317,2.32430594404891,2.64899132892878,43.5117434323132,2.1913888287837e-11,18.7203167223831,16.4257779771249,TRUE,"GET4","TRUE"
"1653","NP_014875",1653,64.0743725613439,61.3022924670502,62.9329321522113,64.7414269006009,61.9693468063072,63.5999864914683,69.861793919999,67.0897138257053,68.7203535108664,2.99590691458948,4199.59707513158,1969.51650105702,4391.9335554386,1941.34925148684,4840.25003714912,1918.4544838114,1.38790531852605,6.63219867576636,7.95311584867829,2.35083313993629,6.79685612966751,5.19575337154575,5.37929243229062,4.7262617290828,64.9213576261725,5.99415701904415e-11,12.0687541053662,13.7363018274427,TRUE,"MGE1","TRUE"
"1664","NP_014896",1664,39.4424246203361,42.7679348364162,39.4107799426833,37.8340210129337,41.1595312290138,37.8023763352808,42.8050630863601,46.1305733024402,42.7734184087073,2.75989283027114,256.655664943182,681.200164329545,242.723307715909,670.430447193182,251.894227215909,671.796264738636,1.60840360740245,3.32551021608008,3.36263846602396,0.0316446776528476,4.97104207342641,3.35715489373293,3.31402804895094,2.23810326248862,41.1251247526857,8.51835361836139e-10,12.4094075684435,18.3749898594747,TRUE,"NAT5","TRUE"
"1677","NP_014942",1677,82.1788250390799,71.4067931485075,74.7423294209887,84.7813050444935,74.0092731539211,77.3448094264023,88.110176075459,77.3381441848866,80.6736804573678,5.42562381195208,3237.20552662252,2363.51928238411,3502.74289754967,2387.5234794702,3328.45738850331,2315.46589350993,3.07497424768872,10.7720318905724,5.93135103637911,8.11997882928696,4.16161030032319,4.76115978191197,4.38931186146367,7.88439016725712,78.9539262167896,5.82140721883868e-10,17.9877686317922,10.0139547310425,TRUE,"MBF1","TRUE"
"1683","NP_014966",1683,23.3315952247656,25.4510758651503,23.8680872420691,25.1847753960929,27.3042560364776,25.7212674133965,26.04069751125,28.1601781516348,26.5771895285536,1.53264434326966,24.3267391992032,9.52749129654715,16.9947025843293,7.9670296561753,30.6751985830013,8.59977197954847,1.85318017132737,2.11948064038472,2.70910228648448,0.53649201730359,0.85592211515711,1.58298862308113,1.80606819098966,1.41298709358981,25.7376802632656,2.33947398759483e-10,14.2506691561642,18.2150851766642,TRUE,"PMT3","TRUE"
"1686","NP_014977",1686,51.3059209806192,52.0860298783938,50.0167032454831,50.0926090847073,50.8727179824819,48.9735392719565,49.6557419347092,50.5395999773566,49.2216390192084,1.00295989938274,23277.532878927,30404.9842420644,24216.9032998197,30059.1668259871,25327.9045891734,32144.3578748755,3.07267788263667,2.67628870635474,4.23921704884438,4.04534082072182,3.22042236247007,4.17154555109188,3.51077243131704,3.63105835938948,50.3071668194351,4.57360880863884e-15,14.3293727530391,13.8546841830142,TRUE,"VMA4","TRUE"
"1695","NP_015019",1695,84.6547110436752,84.2690547189532,79.5967315490567,85.6395515494019,85.2538952246799,80.3040901574195,90.6705698032587,90.2849134785367,85.3351084112763,3.74931339385308,1778.56703739499,968.563276763006,1812.61907129094,1001.34420581888,2064.0294718632,999.133666140655,2.81570045715394,5.18745717598979,9.75465316927915,7.32026244653947,8.47252097767202,5.62583719260039,7.0142915347017,6.04451893837655,85.1120695484731,2.57025108499881e-11,12.1340935328108,14.0808673802142,TRUE,"ALD4","TRUE"
"1708","NP_015084",1708,67.399016302697,68.4911557194037,67.7243068899949,67.667618627347,68.8037696763136,68.0140765739461,70.2889086839565,71.4919631185708,70.6630685606447,1.49369938209812,17603.7396559464,9442.76632079436,18617.8578373994,9137.69124460973,20175.3941314905,9411.51972305924,2.98871217890147,3.61265158597045,7.75494380278058,5.59062605805206,8.18853016975128,5.36110166077393,6.31072871714444,4.85479310159881,68.9493204614305,2.20241166215729e-13,10.9257303794592,14.2023190316233,TRUE,"HSP82","TRUE"
"1719","NP_015101",1719,100,100,100,100,100,100,100,100,100,0,0,31.9782099047619,0,33.8461529642857,0,28.9960912678571,0,0,0,0,0,0,0,0,100,9.10165555890519e-155,Inf,Inf,TRUE,"GRE1","TRUE"
"1720","NP_015104",1720,125.65745289174,123.84385272613,126.366981617253,127.157624739366,125.327864899521,127.800684824804,139.035327318077,137.201797597963,139.726828842491,6.44510680798301,138352.117429442,31917.5820694101,149712.715956779,30982.5895104562,189248.872024217,30802.9836123088,3.02148466829227,3.77372492930731,14.2751484748363,3.67089136691189,12.700880155899,4.32006043499319,9.99917109967586,3.92155891040413,130.235379495261,7.0936824857654e-11,13.0246175604978,33.2101040608464,TRUE,"RPL1A","TRUE"
"1731","NP_015165",1731,69.2836789852835,69.809266829333,68.148606363119,69.21652657689,69.4265458586498,68.2137209654427,72.9303391963383,73.270766323123,71.2647029049089,1.89483040123318,6021.36719093761,3168.01643851064,6310.64145060367,3156.78058271743,6514.66851472477,3115.91815461651,5.26817442003459,4.61188410125112,7.5701700570493,6.58283750745892,6.22689590418101,7.51703951020047,6.3550801270883,6.2372537063035,70.173794889232,1.14382699168105e-13,11.0421573742428,11.2507520446559,TRUE,"CDC60","TRUE"
"1737","NP_015182",1737,57.4059719376816,54.3129617471668,55.4929218130872,59.8584308733768,56.765420682862,57.9453807487824,60.3699110246978,57.276900834183,58.4568609001034,1.92613214315032,7290.06924299065,3921.86182607477,7507.64872803738,3696.53255299065,7676.67942588785,3976.9251964486,2.4524589356952,3.09301019051478,2.9639390870162,1.9130501245944,0.511480151320999,1.17996006592038,1.97595939134413,2.06200679367652,57.542751173549,5.84773721075494e-13,29.1214239653002,27.9061889369197,TRUE,"RPL33A","TRUE"
"1738","NP_015194",1738,52.8456694185051,54.6513192647495,53.7022076044238,54.1484005172159,55.998612015427,55.5982754021137,55.2670333180004,57.0597128132556,56.6910925189436,1.39633386644601,114308.393059197,33918.8373662828,117228.564537317,33640.0089096317,123433.61193031,34957.4629201717,3.31666784063503,3.75595062587338,5.35539643768063,6.12728670178195,3.97044271036184,4.95356908725186,4.21416899622583,4.9456021383024,55.1069247636261,6.38898437460838e-14,13.0765816019669,11.1426118038969,TRUE,"RPL5","TRUE"
"1752","NP_015235",1752,106.726742753064,109.349357324769,105.020332048719,107.327009714193,109.949624285899,105.620599009848,109.737669443836,112.360284015542,108.031258739491,2.33900846562866,52613.8451483559,32986.0228301441,53829.3046740297,32660.7765567932,53247.8835098771,33879.7334919831,4.45102584702089,2.94249472908104,3.83475144831355,2.77974396976866,3.50013523137846,4.39011155372296,3.9286375089043,3.37078341752422,108.235875259485,4.70091302506737e-15,27.5504866545123,32.1100058510973,TRUE,"RPS6A","TRUE"
"1756","NP_015241",1756,91.0109511216402,84.347829851178,87.1206281206675,100.778997631579,94.1158763611171,96.8886746306067,95.7107891191242,89.047667848662,91.8204661181515,5.12847632963144,30.2992614763033,26.2448012334123,29.1552905343602,26.6483732251185,35.5049986966825,28.5987293815166,9.76804650993915,6.83824259776013,5.69005165716872,3.90543270989147,5.06820851245516,6.85335230667889,6.84210222652101,5.86567587144349,92.3157645336363,1.07360053743508e-10,13.492310035329,15.7382996532535,TRUE,"BRO1","TRUE"
"1758","NP_015246",1758,80.3419374157931,89.0221876016631,91.8612555035281,80.0301577328639,88.7104079187339,91.5494758205989,81.0083604202348,89.6886106061048,92.5276785079698,5.21536127387441,7109.2937815,2961.92823658125,7310.508010875,2772.4518983875,7624.236981475,2796.57090871875,0.398144872798417,9.34754722324693,3.11787837008287,12.0171385543262,3.33692229062541,2.84184823881418,2.28431517783557,8.0688446721291,87.1933412808323,1.13399965782771e-10,38.1704513137498,10.8061742199611,TRUE,"RPL21B","TRUE"
"1762","NP_015264",1762,79.7493095969766,80.6838982962731,80.0770005615254,79.8843897750693,80.8599408549624,80.6614025338644,83.0177384734682,83.8736934049758,83.6474457629211,1.65480662658062,35098.73622427,18312.702685812,36027.231946432,18777.095541908,36625.597906004,19753.468220818,4.52044213788202,4.38981282161719,10.7201979576305,7.93246150303564,9.01171057422838,7.07487736000158,8.08411688991364,6.46571722821813,81.3838688066707,1.28780551711011e-13,10.0671316254978,12.5869823770655,TRUE,"ALD6","TRUE"
"1788","NP_015366",1788,73.1047449717453,76.7087516019422,70.5193920200469,72.8055305969904,76.3238472385449,70.0373227754619,76.0238230131193,78.8622298131387,72.56538606416,3.00994275686906,7515.44550671111,3837.43485337531,8063.66355276049,3742.48489797481,8494.41573703951,3831.22571173086,2.98750232433505,4.8476768603105,4.46917072889106,7.5029735655008,4.54990649676287,7.41472679537315,4.00219318332966,6.58845907372815,74.10566978835,3.20939585896529e-12,18.5162650561253,11.2477999725081,TRUE,"TIF5","TRUE"
"1801","NP_015413",1801,43.9759600154925,45.67280031423,41.7135055187735,49.9245052302402,51.6213455289778,47.6620507335213,46.5048333000481,48.2016735987857,44.2423788033292,3.10540917186957,582.216304944547,328.755697007394,593.313839375231,333.995035399261,629.708620118299,313.947269173752,6.43379297801845,3.02971650995086,3.30249988771603,3.49023041199222,3.44286313334659,6.13391392939208,4.39305199969369,4.21795361711172,46.6132281159331,8.70927053764383e-10,10.6106706952668,11.0511476292269,TRUE,"SRP54","TRUE"
"1819","NP_015471",1819,49.864839513476,46.4182997632775,50.9362431885236,51.3684774795475,47.921937729349,52.4418916857983,52.3425595641217,48.9114253610491,53.4813974691734,2.32270083286492,14015.1966735927,13343.7274679393,14066.3756947867,12189.3928745928,15018.0416478951,13526.2313449406,2.40388118211762,3.97283612271824,3.89865011606666,1.70515174591825,2.52804144215104,4.90583691558105,2.94352424677844,3.52794159473918,50.4096746393685,1.23729576551007e-11,17.1256189564396,14.2886930765914,TRUE,"ASN1","TRUE"
"1823","NP_015489",1823,69.2160915535775,66.7545609739416,63.4748370473454,69.1587297619847,66.6971991823488,63.7617946016698,73.2504510265239,71.3480410868542,68.1331485105829,3.22682301052658,11492.6690969041,5342.76554886009,11702.5387700867,5140.48201672936,12428.1481466399,5653.95793986468,2.5734419491106,4.50593641398038,6.34815924414607,6.56561062797713,6.60337270613308,5.95482709896526,5.17499129979658,5.67545804697426,67.9772059716476,3.04269756907323e-11,13.1357140589434,11.9773955527498,TRUE,"TIF3","TRUE"
"1830","NP_015509",1830,79.580243511469,77.579017423606,81.1933419927473,82.7958377266998,80.5234898116904,83.2032909037318,89.5902276910594,87.31787977605,88.794652672084,4.25430163368149,275.508679700375,628.993073730337,344.885723798502,617.325856771536,323.332231198502,622.342471602996,5.68531364674453,2.27234791500941,12.4797036111041,2.40867350025365,6.79438996435962,3.6143245691413,8.31980240740276,2.76511532813479,83.3975535010153,1.0422369240368e-10,10.0239824718445,30.1606058352985,TRUE,"DPM1","TRUE"
"1839","NP_058141",1839,47.554438383829,47.9995502272196,49.0023424328094,50.9374641869992,51.3825760303898,52.3853682359796,47.4224514139908,47.8726938379653,48.8839351142533,1.84026838323176,25399.291771175,5332.65980168136,23612.2317156182,4847.36692655114,23308.8496455614,5201.37465776614,4.27737615930583,1.97906759021781,2.83341719665253,2.95192316848324,6.32594373701604,2.08723420296122,4.4789123643248,2.33940832055409,49.2712022070484,5.16021211300583e-12,11.0007069125757,21.0613947869428,TRUE,NA,"TRUE"
"1840","NP_058171",1840,88.8934795565925,91.4111467870152,88.3200322855439,88.9741340171419,91.5673961330492,88.4923355331267,92.9517107732052,95.6199191477608,93.2350618949758,2.56484482109101,1583.24261154473,280.074489174405,1526.72946906171,268.462140600974,1777.03967101248,317.491871777242,6.07240405347422,5.17213555835272,8.6596581979703,7.07518786264922,9.78466473714674,8.89171124367516,8.17224232953042,7.0463448882257,91.0516906809346,2.10970954535655e-13,11.1415798760542,12.9218328261338,TRUE,NA,"TRUE"
"1862","NP_116640",1862,114.042178084734,113.355369256523,109.515699943582,112.852640718959,112.165831890748,108.326162577807,104.019274129455,103.332465301244,99.4927959883025,5.19140803765556,5775.64874266055,83117.995715266,5945.36093766972,81437.7318539908,7051.06596604587,79329.6379337064,5.694329694002,0.951195665964984,10.7935441007837,4.55839924550019,12.2813706767316,3.84628644798943,9.58974815717242,3.1186271198182,108.566935321262,3.54501497479061e-11,11.3211456173707,34.8124130106296,TRUE,"HSP12","TRUE"
"1886","NP_428268",1886,153.504228325386,146.869077801758,153.605956044848,158.049550166868,151.41439964324,158.15127788633,152.795076153875,146.159925630247,152.896803873337,4.15622190307103,117.18156410084,339.539699971989,111.776568039216,341.689184733894,126.316123005602,360.175371540616,4.54532184148189,6.63515052362729,0.709152171510814,0.101727719462229,5.2544740129927,6.73687824308952,3.50298267532847,4.49125216205968,152.605143947321,5.91635431719193e-14,43.564344471961,33.978306815295,TRUE,"RGD2","TRUE"
"1887","NP_570898",1887,105.769144558289,102.308255122841,107.859437218719,108.232774806326,105.328864022657,111.420370359445,106.786440437921,103.882529654253,109.974035991041,2.88308693437009,581.383803042654,1379.40456281517,577.680417308057,1319.12320925118,775.020898274881,1299.75126163981,11.9697394316754,4.8834685756455,5.42992578431934,3.92109155076305,7.77554563560694,6.89039346635668,8.3917369505339,5.23165119758841,106.840205796833,2.65198014917699e-13,12.7315961435177,20.4218900996461,TRUE,"WWM1","TRUE"
